{
  "results": [
    {
      "command": "cli",
      "mean": 0.3843274524400001,
      "stddev": 0.13407691977056957,
      "median": 0.33964139814000005,
      "user": 0.06876474000000002,
      "system": 0.017974979999999995,
      "min": 0.28835677364000006,
      "max": 0.74446939764,
      "times": [
        0.30271368964000006,
        0.35641356464000007,
        0.46918935664000005,
        0.74446939764,
        0.33906264864,
        0.34416998164000007,
        0.34535681464000006,
        0.57850952364,
        0.37075310664000005,
        0.70075819064,
        0.33337402364,
        0.30353819064000004,
        0.31705910664000003,
        0.28961268964000003,
        0.34798402364000003,
        0.30612489764000006,
        0.34022014764,
        0.30877268964000004,
        0.30011023164000006,
        0.28835677364000006
      ],
      "memory_usage_byte": [
        30294016,
        30294016,
        30294016,
        30294016,
        30441472,
        30441472,
        30441472,
        30441472,
        30441472,
        30441472,
        30441472,
        30441472,
        30441472,
        30441472,
        30441472,
        30441472,
        30441472,
        30441472,
        30474240,
        30474240
      ],
      "exit_codes": [
        0,
        0,
        0,
        0,
        0,
        0,
        0,
        0,
        0,
        0,
        0,
        0,
        0,
        0,
        0,
        0,
        0,
        0,
        0,
        0
      ]
    },
    {
      "command": "mcp",
      "mean": 1.10955789419,
      "stddev": 0.8509559455022091,
      "median": 0.81294702314,
      "user": 0.05867258999999999,
      "system": 0.016413829999999997,
      "min": 0.68731377364,
      "max": 4.26567573164,
      "times": [
        0.73963494064,
        0.85576739764,
        0.68731377364,
        0.78229323164,
        0.83930206464,
        0.71138956564,
        2.4026458986400003,
        0.77106710664,
        0.8996434816400001,
        0.78364110664,
        0.7684851486400001,
        1.78738118964,
        0.8100704816400001,
        4.26567573164,
        0.81582356464,
        0.70340944064,
        0.79085993964,
        0.83756802264,
        0.89636844064,
        1.0428173566399999
      ],
      "memory_usage_byte": [
        36093952,
        36339712,
        36339712,
        36339712,
        36339712,
        36339712,
        36339712,
        36372480,
        36372480,
        36372480,
        36372480,
        36372480,
        36372480,
        36372480,
        36372480,
        36372480,
        36372480,
        36372480,
        36372480,
        36372480
      ],
      "exit_codes": [
        0,
        0,
        0,
        0,
        0,
        0,
        0,
        0,
        0,
        0,
        0,
        0,
        0,
        0,
        0,
        0,
        0,
        0,
        0,
        0
      ]
    }
  ]
}
