{
  "results": [
    {
      "command": "cli",
      "mean": 0.70130606442,
      "stddev": 0.6459379811233037,
      "median": 0.39213709972,
      "user": 0.07048826999999998,
      "system": 0.019360019999999995,
      "min": 0.29763476722,
      "max": 2.35314680822,
      "times": [
        0.34579422422,
        0.45617943322000004,
        0.35899764122,
        0.37254614122,
        0.57264164122,
        2.04222760022,
        0.36484655822,
        0.34544401622,
        0.34524618322,
        1.72757851722,
        0.29763476722,
        0.36446122422,
        2.35314680822,
        0.34865422422000003,
        0.45794510022,
        1.57724755822,
        0.5089352252200001,
        0.32612430822,
        0.41172805822,
        0.44874205822
      ],
      "memory_usage_byte": [
        30474240,
        30474240,
        30474240,
        30474240,
        30474240,
        30474240,
        30474240,
        30474240,
        30474240,
        30474240,
        30474240,
        30474240,
        30474240,
        30474240,
        30474240,
        30474240,
        30474240,
        30474240,
        30474240,
        30474240
      ],
      "exit_codes": [
        0,
        0,
        0,
        0,
        0,
        0,
        0,
        0,
        0,
        0,
        0,
        0,
        0,
        0,
        0,
        0,
        0,
        0,
        0,
        0
      ]
    },
    {
      "command": "mcp",
      "mean": 3.41237497702,
      "stddev": 3.6982543280814872,
      "median": 2.23075495422,
      "user": 0.06042646999999999,
      "system": 0.018251319999999998,
      "min": 1.15910164122,
      "max": 17.02397085022,
      "times": [
        2.29494280822,
        2.4990905172200004,
        2.3890318502200003,
        7.26334176622,
        4.35311089222,
        2.43837714122,
        2.89357943322,
        1.78423768322,
        17.02397085022,
        1.3550891832199998,
        1.3299251002199999,
        1.15910164122,
        1.34944122422,
        1.35808664122,
        1.8461306422200001,
        1.8881603492199999,
        2.16656710022,
        7.910222475219999,
        1.62759576622,
        3.31749647522
      ],
      "memory_usage_byte": [
        36306944,
        36306944,
        36306944,
        36306944,
        36306944,
        36306944,
        36306944,
        36306944,
        36306944,
        36306944,
        36306944,
        36372480,
        36372480,
        36372480,
        36470784,
        36470784,
        36470784,
        36470784,
        36470784,
        36470784
      ],
      "exit_codes": [
        0,
        0,
        0,
        0,
        0,
        0,
        0,
        0,
        0,
        0,
        0,
        0,
        0,
        0,
        0,
        0,
        0,
        0,
        0,
        0
      ]
    }
  ]
}
