{
  "results": [
    {
      "command": "cli",
      "mean": 0.88651172845,
      "stddev": 1.119029696786129,
      "median": 0.4163886284,
      "user": 0.06946038,
      "system": 0.01830122,
      "min": 0.34131816940000004,
      "max": 5.1122275034,
      "times": [
        0.3462035034,
        0.3506151704,
        0.3778462534,
        0.45559479540000003,
        0.4063898784,
        5.1122275034,
        0.3552968784,
        0.8292034614,
        0.3704732954,
        0.40118825340000003,
        2.1771499204,
        0.6316772124,
        0.7631138784,
        0.34131816940000004,
        0.39283646240000003,
        0.4301218364,
        1.5627685454,
        0.41998525340000004,
        0.41279200340000005,
        1.5934322944000001
      ],
      "memory_usage_byte": [
        30228480,
        30228480,
        30310400,
        30310400,
        30310400,
        30310400,
        30310400,
        30310400,
        30310400,
        30310400,
        30310400,
        30310400,
        30310400,
        30310400,
        30310400,
        30310400,
        30310400,
        30375936,
        30375936,
        30375936
      ],
      "exit_codes": [
        0,
        0,
        0,
        0,
        0,
        0,
        0,
        0,
        0,
        0,
        0,
        0,
        0,
        0,
        0,
        0,
        0,
        0,
        0,
        0
      ]
    },
    {
      "command": "mcp",
      "mean": 2.4692951867999997,
      "stddev": 1.2484236436735578,
      "median": 2.0960744829,
      "user": 0.06160442999999999,
      "system": 0.017689220000000002,
      "min": 1.1769018784,
      "max": 5.4697749204,
      "times": [
        1.5876275454,
        1.5019171284,
        2.7082207954,
        1.1769018784,
        5.4697749204,
        2.5167215034000003,
        3.0687095454,
        1.3757299204,
        1.7180031704,
        1.5781504194,
        1.3420327534,
        2.4741457954,
        1.4060389624,
        3.4366053364000004,
        2.8445410444,
        3.8055720864,
        4.9162093784000005,
        3.4910680034,
        1.5753777534,
        1.3925557954
      ],
      "memory_usage_byte": [
        36274176,
        36274176,
        36274176,
        36323328,
        36323328,
        36323328,
        36323328,
        36323328,
        36323328,
        36323328,
        36552704,
        36552704,
        36552704,
        36552704,
        36552704,
        36552704,
        36552704,
        36552704,
        36552704,
        36552704
      ],
      "exit_codes": [
        0,
        0,
        0,
        0,
        0,
        0,
        0,
        0,
        0,
        0,
        0,
        0,
        0,
        0,
        0,
        0,
        0,
        0,
        0,
        0
      ]
    }
  ]
}
