{
  "results": [
    {
      "command": "cli",
      "mean": 0.8467122620699999,
      "stddev": 1.000036904381277,
      "median": 0.40478279322,
      "user": 0.06944541999999998,
      "system": 0.018999589999999993,
      "min": 0.34531402322000004,
      "max": 4.05671256422,
      "times": [
        0.37702731422,
        0.40765514722,
        0.38708689722,
        0.98532798022,
        0.40191043922,
        0.44908873122000004,
        0.41516477322,
        1.3140593142199999,
        4.05671256422,
        0.37256343922,
        0.34557714722000005,
        1.25271702222,
        0.42161568922000003,
        0.36207852222000003,
        3.15160956422,
        0.38607839722000004,
        0.76100210522,
        0.36480585622,
        0.37685031422000004,
        0.34531402322000004
      ],
      "memory_usage_byte": [
        30261248,
        30261248,
        30261248,
        30277632,
        30277632,
        30277632,
        30277632,
        30277632,
        30310400,
        30310400,
        30638080,
        30638080,
        30638080,
        30638080,
        30638080,
        30638080,
        30638080,
        30638080,
        30638080,
        30638080
      ],
      "exit_codes": [
        0,
        0,
        0,
        0,
        0,
        0,
        0,
        0,
        0,
        0,
        0,
        0,
        0,
        0,
        0,
        0,
        0,
        0,
        0,
        0
      ]
    },
    {
      "command": "mcp",
      "mean": 1.9304985809199995,
      "stddev": 1.0808140945072175,
      "median": 1.37213560572,
      "user": 0.06054781999999999,
      "system": 0.01849654,
      "min": 1.10805889722,
      "max": 4.6113519812199995,
      "times": [
        1.36475306422,
        1.11492418922,
        1.28340843922,
        3.80024848122,
        4.120212814219999,
        1.99186614822,
        1.11566368922,
        2.05289114722,
        1.37951814722,
        2.90622981422,
        1.28112927322,
        1.1368412722199999,
        1.43358864722,
        1.96419293922,
        1.1303112312199999,
        4.6113519812199995,
        1.10805889722,
        1.35305214722,
        1.3152559392199998,
        2.14647335622
      ],
      "memory_usage_byte": [
        36225024,
        36225024,
        36225024,
        36356096,
        36356096,
        36356096,
        36356096,
        36356096,
        36356096,
        36356096,
        36388864,
        36388864,
        36388864,
        36454400,
        36454400,
        36454400,
        36454400,
        36454400,
        36454400,
        36536320
      ],
      "exit_codes": [
        0,
        0,
        0,
        0,
        0,
        0,
        0,
        0,
        0,
        0,
        0,
        0,
        0,
        0,
        0,
        0,
        0,
        0,
        0,
        0
      ]
    }
  ]
}
