{
  "results": [
    {
      "command": "cli",
      "mean": 0.40009743459999997,
      "stddev": 0.23876452054858455,
      "median": 0.32574751150000003,
      "user": 0.06797057000000001,
      "system": 0.01827763,
      "min": 0.282784554,
      "max": 1.3505870949999998,
      "times": [
        0.282784554,
        0.567864428,
        0.35640655400000004,
        0.295460928,
        0.331624095,
        0.310637845,
        0.30841417800000004,
        0.361510679,
        0.331392053,
        0.302167887,
        0.309938303,
        0.29420101200000004,
        1.3505870949999998,
        0.37574092800000003,
        0.32010297000000004,
        0.5941185950000001,
        0.35592905300000005,
        0.307363345,
        0.29452684500000004,
        0.35117734500000003
      ],
      "memory_usage_byte": [
        30556160,
        30556160,
        30556160,
        30556160,
        30556160,
        30556160,
        30556160,
        30556160,
        30556160,
        30556160,
        30556160,
        30556160,
        30556160,
        30556160,
        30556160,
        30556160,
        30556160,
        30556160,
        30556160,
        30556160
      ],
      "exit_codes": [
        0,
        0,
        0,
        0,
        0,
        0,
        0,
        0,
        0,
        0,
        0,
        0,
        0,
        0,
        0,
        0,
        0,
        0,
        0,
        0
      ]
    },
    {
      "command": "mcp",
      "mean": 1.601382268,
      "stddev": 0.9299487617562638,
      "median": 1.1233800745,
      "user": 0.058581320000000006,
      "system": 0.017404730000000004,
      "min": 0.9227148860000001,
      "max": 3.800781761,
      "times": [
        1.0169575949999998,
        1.0741974289999998,
        1.9527734289999998,
        1.135258637,
        0.9227148860000001,
        1.0429015119999998,
        3.138883261,
        1.2819555539999998,
        3.021357178,
        1.1115015119999998,
        1.027412678,
        3.376983929,
        1.048695845,
        1.226535762,
        1.47841822,
        1.4339007199999998,
        0.955289845,
        0.94594047,
        3.800781761,
        1.0351851369999998
      ],
      "memory_usage_byte": [
        36061184,
        36438016,
        36438016,
        36438016,
        36438016,
        36438016,
        36438016,
        36438016,
        36438016,
        36438016,
        36438016,
        36438016,
        36438016,
        36438016,
        36438016,
        36438016,
        36438016,
        36438016,
        36438016,
        36438016
      ],
      "exit_codes": [
        0,
        0,
        0,
        0,
        0,
        0,
        0,
        0,
        0,
        0,
        0,
        0,
        0,
        0,
        0,
        0,
        0,
        0,
        0,
        0
      ]
    }
  ]
}
