{
  "results": [
    {
      "command": "cli",
      "mean": 0.61198274095,
      "stddev": 0.40730457333196657,
      "median": 0.4281839742,
      "user": 0.07028416999999998,
      "system": 0.018145719999999997,
      "min": 0.3371353697,
      "max": 2.0231402027,
      "times": [
        0.4058471617,
        0.3557369947,
        0.5366519117,
        0.3995013287,
        0.4390794117,
        0.3857702457,
        0.3720304947,
        0.37893757770000003,
        0.8355622457,
        1.1979808697,
        0.7051272867,
        2.0231402027,
        0.4172885367,
        0.3371353697,
        0.3463171617,
        0.9683548287,
        0.3662098707,
        0.7258119957,
        0.5761655787,
        0.46700574570000003
      ],
      "memory_usage_byte": [
        30375936,
        30375936,
        30375936,
        30375936,
        30375936,
        30375936,
        30375936,
        30375936,
        30375936,
        30375936,
        30375936,
        30375936,
        30375936,
        30375936,
        30375936,
        30375936,
        30375936,
        30375936,
        30375936,
        30375936
      ],
      "exit_codes": [
        0,
        0,
        0,
        0,
        0,
        0,
        0,
        0,
        0,
        0,
        0,
        0,
        0,
        0,
        0,
        0,
        0,
        0,
        0,
        0
      ]
    },
    {
      "command": "mcp",
      "mean": 1.9683752679999997,
      "stddev": 1.1762261994988756,
      "median": 1.6184530782000002,
      "user": 0.061060769999999986,
      "system": 0.017728519999999998,
      "min": 0.9821804537000001,
      "max": 5.2684091617,
      "times": [
        1.4146066617000002,
        1.1443798287000002,
        5.2684091617,
        1.6784465777000002,
        2.2043980367,
        1.1687747037,
        1.9043259947000002,
        1.5584595787000002,
        1.2240375787000002,
        0.9821804537000001,
        1.0356734117000002,
        1.7500195367000002,
        2.1956795366999997,
        2.6585119947,
        1.0883024537000001,
        1.0787232867,
        1.9440182447000003,
        1.3309579947,
        4.6722996207,
        3.0653007036999997
      ],
      "memory_usage_byte": [
        36552704,
        36552704,
        36552704,
        36552704,
        36552704,
        36552704,
        36552704,
        36552704,
        36552704,
        36552704,
        36552704,
        36552704,
        36552704,
        36552704,
        36552704,
        36552704,
        36552704,
        36552704,
        36552704,
        36552704
      ],
      "exit_codes": [
        0,
        0,
        0,
        0,
        0,
        0,
        0,
        0,
        0,
        0,
        0,
        0,
        0,
        0,
        0,
        0,
        0,
        0,
        0,
        0
      ]
    }
  ]
}
