{
  "results": [
    {
      "command": "cli",
      "mean": 0.8116581674900001,
      "stddev": 0.7187142426518714,
      "median": 0.50998596324,
      "user": 0.07099604,
      "system": 0.0180868,
      "min": 0.40562348424,
      "max": 3.39456290024,
      "times": [
        1.22550923424,
        0.52370627524,
        0.40562348424,
        0.68122898424,
        0.42744348424,
        0.85241890024,
        0.49626565124,
        0.9830644432400001,
        3.39456290024,
        0.42992181724,
        0.5419394012400001,
        0.55965677624,
        1.06166715124,
        0.46586148424,
        0.41707702524,
        0.46876098424,
        0.44540652524,
        0.43111798424000003,
        0.47147756724,
        1.9504532762400002
      ],
      "memory_usage_byte": [
        30392320,
        30392320,
        30392320,
        30392320,
        30392320,
        30392320,
        30392320,
        30392320,
        30392320,
        30392320,
        30392320,
        30392320,
        30392320,
        30392320,
        30392320,
        30392320,
        30392320,
        30392320,
        30392320,
        30392320
      ],
      "exit_codes": [
        0,
        0,
        0,
        0,
        0,
        0,
        0,
        0,
        0,
        0,
        0,
        0,
        0,
        0,
        0,
        0,
        0,
        0,
        0,
        0
      ]
    },
    {
      "command": "mcp",
      "mean": 2.3489078279899998,
      "stddev": 1.0189932646693953,
      "median": 1.79782696274,
      "user": 0.06050234,
      "system": 0.0175707,
      "min": 1.52046827624,
      "max": 4.88321435924,
      "times": [
        3.25757152624,
        1.78905877524,
        1.57118390124,
        1.5847093592400001,
        1.62979798424,
        3.23990869224,
        1.63518185924,
        3.86351123424,
        1.52046827624,
        1.77621860924,
        2.13211677624,
        1.6640345672399999,
        2.8216300262400003,
        4.24806273424,
        4.88321435924,
        1.85199365124,
        2.38731452624,
        1.8065951502400002,
        1.6071428172400002,
        1.70844173424
      ],
      "memory_usage_byte": [
        36438016,
        36438016,
        36438016,
        36438016,
        36438016,
        36438016,
        36438016,
        36438016,
        36438016,
        36438016,
        36438016,
        36438016,
        36438016,
        36438016,
        36438016,
        36438016,
        36438016,
        36438016,
        36438016,
        36438016
      ],
      "exit_codes": [
        0,
        0,
        0,
        0,
        0,
        0,
        0,
        0,
        0,
        0,
        0,
        0,
        0,
        0,
        0,
        0,
        0,
        0,
        0,
        0
      ]
    }
  ]
}
