{
  "results": [
    {
      "command": "cli",
      "mean": 0.9755204767200001,
      "stddev": 0.4181569345111763,
      "median": 0.92452310232,
      "user": 0.07158132,
      "system": 0.01918716,
      "min": 0.46580331032000005,
      "max": 1.74784981032,
      "times": [
        1.09722847632,
        1.0646362683200001,
        1.5705630183200001,
        0.46580331032000005,
        0.65590818532,
        0.7111386843199999,
        1.74784981032,
        0.83229197732,
        0.59303080932,
        1.01675422732
      ],
      "memory_usage_byte": [
        30212096,
        30212096,
        30212096,
        30392320,
        30392320,
        30392320,
        30392320,
        30392320,
        30392320,
        30392320
      ],
      "exit_codes": [
        0,
        0,
        0,
        0,
        0,
        0,
        0,
        0,
        0,
        0
      ]
    },
    {
      "command": "mcp",
      "mean": 2.6465554183199997,
      "stddev": 2.709643939467319,
      "median": 1.5458109763199999,
      "user": 0.06088532,
      "system": 0.01667506,
      "min": 1.2510376433200001,
      "max": 9.773838727320001,
      "times": [
        4.70854047732,
        1.9931767683200001,
        9.773838727320001,
        1.27864780932,
        1.43116764332,
        1.2510376433200001,
        1.4098477263200002,
        1.68020285232,
        1.66045430932,
        1.27864022632
      ],
      "memory_usage_byte": [
        36405248,
        36405248,
        36405248,
        36405248,
        36405248,
        36405248,
        36405248,
        36405248,
        36405248,
        36405248
      ],
      "exit_codes": [
        0,
        0,
        0,
        0,
        0,
        0,
        0,
        0,
        0,
        0
      ]
    }
  ]
}
