{
  "results": [
    {
      "command": "cli",
      "mean": 1.6047752043200003,
      "stddev": 0.8076263465574082,
      "median": 1.29537687972,
      "user": 0.07326552,
      "system": 0.02299416,
      "min": 0.86577494172,
      "max": 3.54404135772,
      "times": [
        0.86577494172,
        3.54404135772,
        1.15264394172,
        1.5606599837200001,
        1.01525752472,
        1.29763940072,
        1.29311435872,
        2.38362648372,
        1.17270598372,
        1.7622880667200003
      ],
      "memory_usage_byte": [
        30359552,
        30359552,
        30359552,
        30359552,
        30359552,
        30375936,
        30539776,
        30539776,
        30539776,
        30539776
      ],
      "exit_codes": [
        0,
        0,
        0,
        0,
        0,
        0,
        0,
        0,
        0,
        0
      ]
    },
    {
      "command": "mcp",
      "mean": 1.8630326209199999,
      "stddev": 1.3719782724926095,
      "median": 1.5008668162200003,
      "user": 0.06323502,
      "system": 0.018437659999999998,
      "min": 1.15900623372,
      "max": 5.70996673372,
      "times": [
        5.70996673372,
        1.9421573997200001,
        1.4963307327200002,
        1.2296696497200001,
        1.5054028997200002,
        1.54046777572,
        1.15900623372,
        1.57783919172,
        1.20553710872,
        1.2639484837200001
      ],
      "memory_usage_byte": [
        36241408,
        36241408,
        36241408,
        36241408,
        36241408,
        36241408,
        36405248,
        36405248,
        36405248,
        36405248
      ],
      "exit_codes": [
        0,
        0,
        0,
        0,
        0,
        0,
        0,
        0,
        0,
        0
      ]
    }
  ]
}
