{
  "results": [
    {
      "command": "cli",
      "mean": 1.6592301932400002,
      "stddev": 1.4495024782695143,
      "median": 1.31407093944,
      "user": 0.07150416,
      "system": 0.020336639999999996,
      "min": 0.79058600094,
      "max": 5.6670585429399996,
      "times": [
        0.79058600094,
        5.6670585429399996,
        0.93404795994,
        0.85677283494,
        1.34785012694,
        0.98005429294,
        1.2802917519400001,
        1.3810730849400001,
        1.41025933494,
        1.94430800194
      ],
      "memory_usage_byte": [
        30261248,
        30261248,
        30326784,
        30326784,
        30326784,
        30326784,
        30326784,
        30326784,
        30326784,
        30343168
      ],
      "exit_codes": [
        0,
        0,
        0,
        0,
        0,
        0,
        0,
        0,
        0,
        0
      ]
    },
    {
      "command": "mcp",
      "mean": 2.66266856824,
      "stddev": 1.8991940491708827,
      "median": 1.8244688349399998,
      "user": 0.061226060000000006,
      "system": 0.017164939999999997,
      "min": 1.05939341794,
      "max": 6.027535042939999,
      "times": [
        1.2877426679400001,
        4.80820575194,
        1.3177330849400002,
        2.11992645994,
        5.11341950194,
        1.05939341794,
        1.06658683494,
        6.027535042939999,
        2.29713170994,
        1.52901120994
      ],
      "memory_usage_byte": [
        36126720,
        36225024,
        36225024,
        36225024,
        36225024,
        36225024,
        36225024,
        36225024,
        36356096,
        36356096
      ],
      "exit_codes": [
        0,
        0,
        0,
        0,
        0,
        0,
        0,
        0,
        0,
        0
      ]
    }
  ]
}
