{
  "results": [
    {
      "command": "cli",
      "mean": 0.8782586910000001,
      "stddev": 0.4895371160214349,
      "median": 0.6682183744000001,
      "user": 0.07142276,
      "system": 0.01994004,
      "min": 0.6243309159,
      "max": 2.0315717489000003,
      "times": [
        0.6754300409,
        2.0315717489000003,
        1.5252666659,
        0.6243309159,
        0.6670201659,
        0.6305753329,
        0.6734404579000001,
        0.6441255409000001,
        0.6414094579,
        0.6694165829000001
      ],
      "memory_usage_byte": [
        30294016,
        30294016,
        30294016,
        30294016,
        30310400,
        30359552,
        30359552,
        30359552,
        30359552,
        30375936
      ],
      "exit_codes": [
        0,
        0,
        0,
        0,
        0,
        0,
        0,
        0,
        0,
        0
      ]
    },
    {
      "command": "mcp",
      "mean": 1.9560973830000001,
      "stddev": 0.9288706692737216,
      "median": 1.6490796249,
      "user": 0.06303225999999999,
      "system": 0.018144439999999998,
      "min": 1.1585152499,
      "max": 3.9690811249,
      "times": [
        1.6857948748999998,
        2.7563107489000003,
        1.6123643749,
        1.1585152499,
        1.1743388329,
        2.2647287499,
        3.9690811249,
        1.2002178329,
        1.1796066659,
        2.5600153749000003
      ],
      "memory_usage_byte": [
        36388864,
        36388864,
        36388864,
        36388864,
        36388864,
        36388864,
        36388864,
        36388864,
        36388864,
        36716544
      ],
      "exit_codes": [
        0,
        0,
        0,
        0,
        0,
        0,
        0,
        0,
        0,
        0
      ]
    }
  ]
}
