{
  "results": [
    {
      "command": "cli",
      "mean": 0.98115075998,
      "stddev": 0.5930785269916448,
      "median": 0.74469033088,
      "user": 0.07197496,
      "system": 0.019146939999999994,
      "min": 0.53602701838,
      "max": 2.16651235138,
      "times": [
        2.16651235138,
        0.5839067263800001,
        0.63699564338,
        0.69653568538,
        0.5540980183800001,
        1.96757635138,
        1.0116658103799998,
        0.8653450183800001,
        0.7928449763800001,
        0.53602701838
      ],
      "memory_usage_byte": [
        30326784,
        30326784,
        30326784,
        30490624,
        30490624,
        30490624,
        30490624,
        30490624,
        30490624,
        30490624
      ],
      "exit_codes": [
        0,
        0,
        0,
        0,
        0,
        0,
        0,
        0,
        0,
        0
      ]
    },
    {
      "command": "mcp",
      "mean": 1.5780563142800001,
      "stddev": 0.9023428110565053,
      "median": 1.34584599788,
      "user": 0.06143845999999999,
      "system": 0.016920139999999997,
      "min": 0.9864777263800001,
      "max": 4.06243235238,
      "times": [
        4.06243235238,
        1.0352577263799998,
        1.26997956038,
        1.5305677273800002,
        1.1017593093800002,
        1.42171243538,
        1.64548560238,
        1.1815773093800002,
        0.9864777263800001,
        1.5453133933800003
      ],
      "memory_usage_byte": [
        36405248,
        36405248,
        36405248,
        36405248,
        36405248,
        36405248,
        36405248,
        36405248,
        36405248,
        36405248
      ],
      "exit_codes": [
        0,
        0,
        0,
        0,
        0,
        0,
        0,
        0,
        0,
        0
      ]
    }
  ]
}
