{
  "results": [
    {
      "command": "cli",
      "mean": 2.43518225274,
      "stddev": 2.305835869612589,
      "median": 1.24005129034,
      "user": 0.07113222000000001,
      "system": 0.020594960000000002,
      "min": 0.5921242063400001,
      "max": 7.62433104034,
      "times": [
        0.5921242063400001,
        1.56850129034,
        0.66307458234,
        3.55958612334,
        3.01462095734,
        0.91160129034,
        0.8992232483400001,
        7.62433104034,
        4.64956129034,
        0.8691984983400001
      ],
      "memory_usage_byte": [
        30359552,
        30359552,
        30359552,
        30556160,
        30556160,
        30556160,
        30556160,
        30556160,
        30556160,
        30556160
      ],
      "exit_codes": [
        0,
        0,
        0,
        0,
        0,
        0,
        0,
        0,
        0,
        0
      ]
    },
    {
      "command": "mcp",
      "mean": 2.34031127294,
      "stddev": 1.0205473973155,
      "median": 1.83751745634,
      "user": 0.06098062,
      "system": 0.018060760000000002,
      "min": 1.2049434563399999,
      "max": 3.88160253934,
      "times": [
        1.2049434563399999,
        1.54018316434,
        3.09496812334,
        3.88160253934,
        1.5623292893399998,
        1.47799091534,
        3.5598117893400003,
        3.40624853934,
        1.73397341434,
        1.94106149834
      ],
      "memory_usage_byte": [
        36192256,
        36192256,
        36192256,
        36192256,
        36225024,
        36225024,
        36225024,
        36225024,
        36225024,
        36225024
      ],
      "exit_codes": [
        0,
        0,
        0,
        0,
        0,
        0,
        0,
        0,
        0,
        0
      ]
    }
  ]
}
