{
  "results": [
    {
      "command": "cli",
      "mean": 0.41962979462000005,
      "stddev": 0.2028182550970922,
      "median": 0.32538593432000007,
      "user": 0.06990764,
      "system": 0.018722620000000002,
      "min": 0.28366195432,
      "max": 1.1213750383199999,
      "times": [
        0.32735320532000006,
        0.6027459973200001,
        0.31993708032000007,
        0.30523128832,
        0.30265962132,
        0.32148837132,
        0.30034783032000006,
        1.1213750383199999,
        0.28366195432,
        0.29606449732000006,
        0.43690803832,
        0.34339737132000003,
        0.34512203832000005,
        0.6393531223200001,
        0.56952516332,
        0.28845862132000005,
        0.5896412883200001,
        0.32341866332,
        0.30934591332000005,
        0.36656078832000005
      ],
      "memory_usage_byte": [
        30457856,
        30457856,
        30457856,
        30457856,
        30474240,
        30474240,
        30474240,
        30474240,
        30474240,
        30474240,
        30474240,
        30474240,
        30474240,
        30474240,
        30556160,
        30556160,
        30556160,
        30556160,
        30556160,
        30556160
      ],
      "exit_codes": [
        0,
        0,
        0,
        0,
        0,
        0,
        0,
        0,
        0,
        0,
        0,
        0,
        0,
        0,
        0,
        0,
        0,
        0,
        0,
        0
      ]
    },
    {
      "command": "mcp",
      "mean": 0.8838547049700001,
      "stddev": 0.2360441574024102,
      "median": 0.8322424338200001,
      "user": 0.06260244000000001,
      "system": 0.01682382,
      "min": 0.74138441332,
      "max": 1.86565237132,
      "times": [
        0.76082749632,
        0.80306120532,
        0.84977495532,
        1.86565237132,
        0.82581820532,
        0.8468239133200001,
        0.74138441332,
        0.8566225383200001,
        0.7890333713200001,
        0.7783884553200001,
        0.86111991332,
        0.79286303832,
        0.8269409963200001,
        0.84751262132,
        0.8991457473200001,
        0.9469689133200001,
        0.8916624133200001,
        0.8290086633200001,
        0.8306034133200001,
        0.83388145432
      ],
      "memory_usage_byte": [
        36585472,
        36585472,
        36585472,
        36585472,
        36585472,
        36585472,
        36585472,
        36585472,
        36585472,
        36585472,
        36585472,
        36585472,
        36585472,
        36585472,
        36585472,
        36585472,
        36585472,
        36585472,
        36585472,
        36585472
      ],
      "exit_codes": [
        0,
        0,
        0,
        0,
        0,
        0,
        0,
        0,
        0,
        0,
        0,
        0,
        0,
        0,
        0,
        0,
        0,
        0,
        0,
        0
      ]
    }
  ]
}
