{
  "results": [
    {
      "command": "cli",
      "mean": 0.71636005783,
      "stddev": 0.5826025396566643,
      "median": 0.55556900578,
      "user": 0.07091385,
      "system": 0.01902924999999999,
      "min": 0.33343950578000003,
      "max": 2.8988499227799998,
      "times": [
        1.4284600887799999,
        0.7194772137800001,
        0.52340025578,
        0.33343950578000003,
        0.39916042178000005,
        0.33816296478,
        0.5020387147800001,
        0.40691179678000006,
        0.60749413078,
        0.45507854778,
        0.71059188078,
        2.8988499227799998,
        0.42895342178,
        1.16565525578,
        0.77748196378,
        0.42207150578,
        0.64174717278,
        0.36736750578000005,
        0.6131211307800001,
        0.5877377557800001
      ],
      "memory_usage_byte": [
        30179328,
        30179328,
        30195712,
        30195712,
        30195712,
        30195712,
        30507008,
        30507008,
        30507008,
        30507008,
        30507008,
        30507008,
        30507008,
        30507008,
        30507008,
        30507008,
        30507008,
        30507008,
        30507008,
        30507008
      ],
      "exit_codes": [
        0,
        0,
        0,
        0,
        0,
        0,
        0,
        0,
        0,
        0,
        0,
        0,
        0,
        0,
        0,
        0,
        0,
        0,
        0,
        0
      ]
    },
    {
      "command": "mcp",
      "mean": 2.23224490373,
      "stddev": 2.52673416885041,
      "median": 1.5049590472799999,
      "user": 0.06239159999999999,
      "system": 0.018951999999999997,
      "min": 1.1941602967799998,
      "max": 12.77931746378,
      "times": [
        1.31366396478,
        1.4575832977799998,
        1.29788633878,
        1.22654442278,
        1.7254628807799999,
        1.30111758978,
        1.71845658878,
        12.77931746378,
        2.30733488078,
        2.15435338078,
        1.4365333807799998,
        2.59400646478,
        1.1941602967799998,
        1.54774088078,
        1.24812975578,
        2.75016496378,
        1.25756188078,
        2.12301954778,
        1.74968288078,
        1.46217721378
      ],
      "memory_usage_byte": [
        36487168,
        36487168,
        36487168,
        36487168,
        36487168,
        36487168,
        36487168,
        36487168,
        36487168,
        36487168,
        36487168,
        36487168,
        36487168,
        36487168,
        36487168,
        36487168,
        36487168,
        36487168,
        36487168,
        36487168
      ],
      "exit_codes": [
        0,
        0,
        0,
        0,
        0,
        0,
        0,
        0,
        0,
        0,
        0,
        0,
        0,
        0,
        0,
        0,
        0,
        0,
        0,
        0
      ]
    }
  ]
}
