{
  "results": [
    {
      "command": "cli",
      "mean": 0.58527422975,
      "stddev": 0.2893044087877819,
      "median": 0.4000051774000001,
      "user": 0.06989680999999999,
      "system": 0.018915219999999996,
      "min": 0.33162528240000005,
      "max": 1.1777150734,
      "times": [
        0.37163036540000005,
        0.41201128140000004,
        1.1549398234,
        0.34726607340000004,
        0.8704888654,
        0.35021653240000006,
        0.6515669484000001,
        0.3599830734,
        0.8441297814000001,
        0.6962150324,
        0.38118903140000004,
        0.33162528240000005,
        0.38626861540000007,
        0.38799907340000006,
        0.7142283234000001,
        0.5573445734000001,
        1.1777150734,
        0.33958753140000003,
        0.3471789484,
        1.0239003653999998
      ],
      "memory_usage_byte": [
        30261248,
        30359552,
        30359552,
        30359552,
        30359552,
        30359552,
        30359552,
        30359552,
        30359552,
        30359552,
        30359552,
        30359552,
        30359552,
        30359552,
        30359552,
        30359552,
        30359552,
        30556160,
        30556160,
        30556160
      ],
      "exit_codes": [
        0,
        0,
        0,
        0,
        0,
        0,
        0,
        0,
        0,
        0,
        0,
        0,
        0,
        0,
        0,
        0,
        0,
        0,
        0,
        0
      ]
    },
    {
      "command": "mcp",
      "mean": 2.2088320150500005,
      "stddev": 1.090202266909221,
      "median": 1.7372831358999998,
      "user": 0.06232641,
      "system": 0.016997619999999998,
      "min": 1.2255842823999998,
      "max": 4.540674489400001,
      "times": [
        1.4118229904,
        1.7795816154,
        1.4836789064,
        1.2255842823999998,
        1.5683407824,
        2.3310764894,
        2.8024981144,
        2.8204564074,
        2.0734993234,
        4.4312868644000005,
        1.2343139483999999,
        1.6949846564,
        1.2856088233999998,
        1.4969123234,
        2.9888571154,
        1.8394223644,
        4.2704287404,
        1.4562855734,
        1.4413264904,
        4.540674489400001
      ],
      "memory_usage_byte": [
        36241408,
        36241408,
        36241408,
        36241408,
        36241408,
        36421632,
        36487168,
        36487168,
        36487168,
        36487168,
        36487168,
        36487168,
        36487168,
        36487168,
        36487168,
        36487168,
        36487168,
        36503552,
        36503552,
        36503552
      ],
      "exit_codes": [
        0,
        0,
        0,
        0,
        0,
        0,
        0,
        0,
        0,
        0,
        0,
        0,
        0,
        0,
        0,
        0,
        0,
        0,
        0,
        0
      ]
    }
  ]
}
