{
  "results": [
    {
      "command": "cli",
      "mean": 0.6820673429100002,
      "stddev": 0.6298121617665468,
      "median": 0.38296623646000005,
      "user": 0.07093724000000001,
      "system": 0.018085149999999998,
      "min": 0.32673400746000003,
      "max": 2.76393688246,
      "times": [
        0.9194330074600001,
        0.36991992446000005,
        0.34597825746000005,
        0.3793580904600001,
        1.14762667346,
        0.35938313246000003,
        0.4537492154600001,
        2.76393688246,
        0.5702396324600001,
        0.5048357574600001,
        1.92119404946,
        0.3585152984600001,
        0.38657438246000003,
        0.36524017446000007,
        0.33387350746000005,
        0.36756800746000007,
        0.42234854946000006,
        0.36805709146000004,
        0.32673400746000003,
        0.97678121646
      ],
      "memory_usage_byte": [
        30359552,
        30359552,
        30359552,
        30359552,
        30359552,
        30359552,
        30359552,
        30375936,
        30375936,
        30375936,
        30375936,
        30375936,
        30375936,
        30375936,
        30375936,
        30523392,
        30523392,
        30523392,
        30523392,
        30523392
      ],
      "exit_codes": [
        0,
        0,
        0,
        0,
        0,
        0,
        0,
        0,
        0,
        0,
        0,
        0,
        0,
        0,
        0,
        0,
        0,
        0,
        0,
        0
      ]
    },
    {
      "command": "mcp",
      "mean": 2.0464673637099997,
      "stddev": 0.7866368765555593,
      "median": 1.8662865909600002,
      "user": 0.06290079,
      "system": 0.018334199999999995,
      "min": 1.18276317346,
      "max": 3.96488629946,
      "times": [
        3.29674021646,
        1.7464398824599998,
        1.92861313246,
        1.2453305074599998,
        1.5369084654599998,
        1.97457192346,
        1.4874397154599999,
        3.96488629946,
        2.97244154946,
        1.94034263246,
        1.7170895074599999,
        1.18574688246,
        2.00002459146,
        1.69817346546,
        1.18276317346,
        2.08403754946,
        3.44867984046,
        1.35491925746,
        2.3602386324599998,
        1.80396004946
      ],
      "memory_usage_byte": [
        36405248,
        36405248,
        36405248,
        36405248,
        36405248,
        36405248,
        36405248,
        36405248,
        36405248,
        36405248,
        36405248,
        36470784,
        36470784,
        36470784,
        36470784,
        36470784,
        36470784,
        36470784,
        36470784,
        36470784
      ],
      "exit_codes": [
        0,
        0,
        0,
        0,
        0,
        0,
        0,
        0,
        0,
        0,
        0,
        0,
        0,
        0,
        0,
        0,
        0,
        0,
        0,
        0
      ]
    }
  ]
}
