{
  "results": [
    {
      "command": "cli",
      "mean": 1.11333531687,
      "stddev": 1.2324933776815314,
      "median": 0.43474198562,
      "user": 0.0711308,
      "system": 0.01834019,
      "min": 0.33832683962,
      "max": 4.78894846462,
      "times": [
        3.51818813162,
        0.69667446462,
        0.8991595896200001,
        0.39992925662,
        1.33802117362,
        0.36184608962,
        0.35760179762,
        1.85726433962,
        0.36479913162,
        0.42334463162,
        2.17365813162,
        0.44613933962,
        0.34514067262,
        0.49493742262,
        2.28203313162,
        0.41738438162,
        0.37218259062,
        4.78894846462,
        0.39112675662,
        0.33832683962
      ],
      "memory_usage_byte": [
        30441472,
        30441472,
        30441472,
        30441472,
        30441472,
        30441472,
        30441472,
        30441472,
        30441472,
        30441472,
        30441472,
        30441472,
        30441472,
        30441472,
        30441472,
        30441472,
        30441472,
        30474240,
        30474240,
        30474240
      ],
      "exit_codes": [
        0,
        0,
        0,
        0,
        0,
        0,
        0,
        0,
        0,
        0,
        0,
        0,
        0,
        0,
        0,
        0,
        0,
        0,
        0,
        0
      ]
    },
    {
      "command": "mcp",
      "mean": 1.35343118167,
      "stddev": 0.42690921958920014,
      "median": 1.21071600712,
      "user": 0.06054934999999999,
      "system": 0.018203590000000002,
      "min": 0.9061514236200001,
      "max": 2.45138525662,
      "times": [
        1.2166579236200001,
        1.65267521562,
        1.9927633396200002,
        0.9693457146200001,
        1.01501138162,
        1.9443310896200001,
        1.5454018816200001,
        1.8740800486200002,
        1.20477409062,
        1.01800009062,
        1.35695604862,
        0.9061514236200001,
        1.04413917262,
        1.09776721462,
        0.9542531316200001,
        1.1034420896200001,
        2.45138525662,
        1.36886196462,
        1.03382163162,
        1.3188049236200001
      ],
      "memory_usage_byte": [
        36372480,
        36372480,
        36372480,
        36372480,
        36372480,
        36585472,
        36585472,
        36585472,
        36585472,
        36585472,
        36585472,
        36585472,
        36585472,
        36585472,
        36585472,
        36585472,
        36585472,
        36585472,
        36585472,
        36585472
      ],
      "exit_codes": [
        0,
        0,
        0,
        0,
        0,
        0,
        0,
        0,
        0,
        0,
        0,
        0,
        0,
        0,
        0,
        0,
        0,
        0,
        0,
        0
      ]
    }
  ]
}
