{
  "results": [
    {
      "command": "cli",
      "mean": 0.32611287941,
      "stddev": 0.05389071976561607,
      "median": 0.31436649796000005,
      "user": 0.06808985,
      "system": 0.01753503,
      "min": 0.26975637396,
      "max": 0.53782712296,
      "times": [
        0.32222258096,
        0.33260133096,
        0.34564116496,
        0.30590241496,
        0.30469858196,
        0.31531312296,
        0.29344849896,
        0.33406378996,
        0.31757358196,
        0.31336362296000003,
        0.32591320596,
        0.29185974796,
        0.53782712296,
        0.26975637396,
        0.36304870596,
        0.32559683196,
        0.31286603996,
        0.31341987296,
        0.29943999796,
        0.29770099796
      ],
      "memory_usage_byte": [
        30425088,
        30425088,
        30507008,
        30507008,
        30507008,
        30507008,
        30507008,
        30507008,
        30507008,
        30507008,
        30507008,
        30507008,
        30507008,
        30507008,
        30507008,
        30507008,
        30507008,
        30507008,
        30507008,
        30507008
      ],
      "exit_codes": [
        0,
        0,
        0,
        0,
        0,
        0,
        0,
        0,
        0,
        0,
        0,
        0,
        0,
        0,
        0,
        0,
        0,
        0,
        0,
        0
      ]
    },
    {
      "command": "mcp",
      "mean": 1.3773934671099997,
      "stddev": 0.6394064230763108,
      "median": 1.1149130604600002,
      "user": 0.06099704999999998,
      "system": 0.01769403,
      "min": 0.9228416649600001,
      "max": 3.21964199796,
      "times": [
        0.94335753996,
        1.08566199896,
        3.21964199796,
        1.02043953996,
        2.17983287296,
        2.87309537296,
        1.09641387396,
        0.94398628996,
        1.4286909569600001,
        1.11117491496,
        0.94703103996,
        1.08976824796,
        1.11865120596,
        1.02665545696,
        1.17831678996,
        1.50629037396,
        1.26641766496,
        1.24417641496,
        0.9228416649600001,
        1.3454251239600001
      ],
      "memory_usage_byte": [
        36421632,
        36421632,
        36421632,
        36421632,
        36421632,
        36421632,
        36421632,
        36421632,
        36519936,
        36519936,
        36519936,
        36519936,
        36519936,
        36519936,
        36519936,
        36585472,
        36585472,
        36585472,
        36585472,
        36585472
      ],
      "exit_codes": [
        0,
        0,
        0,
        0,
        0,
        0,
        0,
        0,
        0,
        0,
        0,
        0,
        0,
        0,
        0,
        0,
        0,
        0,
        0,
        0
      ]
    }
  ]
}
