{
  "results": [
    {
      "command": "cli",
      "mean": 0.9474204237,
      "stddev": 0.9507866740667423,
      "median": 0.4891025592,
      "user": 0.07056855000000001,
      "system": 0.019697440000000004,
      "min": 0.4015371002,
      "max": 3.7994623512,
      "times": [
        0.5056736422000001,
        3.7994623512,
        2.3707664342,
        0.6625111422000001,
        0.5066100592000001,
        0.43384343420000004,
        0.44931110020000004,
        2.5435935592,
        0.4661353922,
        0.4773046842,
        0.4724944762,
        0.40474826820000004,
        0.4708314342,
        0.6201665592000001,
        0.43575560020000004,
        0.5009004342000001,
        0.4363326012,
        0.4015371002,
        2.0234769342,
        0.9669532672000001
      ],
      "memory_usage_byte": [
        30539776,
        30539776,
        30539776,
        30539776,
        30539776,
        30539776,
        30539776,
        30539776,
        30539776,
        30539776,
        30539776,
        30539776,
        30539776,
        30539776,
        30539776,
        30539776,
        30539776,
        30539776,
        30539776,
        30539776
      ],
      "exit_codes": [
        0,
        0,
        0,
        0,
        0,
        0,
        0,
        0,
        0,
        0,
        0,
        0,
        0,
        0,
        0,
        0,
        0,
        0,
        0,
        0
      ]
    },
    {
      "command": "mcp",
      "mean": 2.3035537571000004,
      "stddev": 0.9028340354858964,
      "median": 1.9000953507,
      "user": 0.06074214999999998,
      "system": 0.01920404,
      "min": 1.5221733932000001,
      "max": 4.485950892200001,
      "times": [
        1.5221733932000001,
        1.6024415591999999,
        1.9308253091999998,
        1.6625899762,
        2.2792097262,
        1.7844017671999999,
        3.5370132672,
        1.6942711842,
        1.5647993092,
        1.6197885172,
        3.8648172262,
        2.2611081422,
        2.8706578092,
        1.8693653922,
        2.5936629341999997,
        4.485950892200001,
        1.5638151012,
        1.7447668092,
        1.9463381842,
        3.6730786422
      ],
      "memory_usage_byte": [
        36372480,
        36372480,
        36372480,
        36372480,
        36683776,
        36683776,
        36683776,
        36683776,
        36683776,
        36683776,
        36683776,
        36683776,
        36683776,
        36683776,
        36683776,
        36683776,
        36683776,
        36683776,
        36683776,
        36683776
      ],
      "exit_codes": [
        0,
        0,
        0,
        0,
        0,
        0,
        0,
        0,
        0,
        0,
        0,
        0,
        0,
        0,
        0,
        0,
        0,
        0,
        0,
        0
      ]
    }
  ]
}
