{
  "results": [
    {
      "command": "cli",
      "mean": 1.5690091542400002,
      "stddev": 1.9634403659258084,
      "median": 0.67868225434,
      "user": 0.07207422,
      "system": 0.01956968,
      "min": 0.50157358784,
      "max": 5.38439721284,
      "times": [
        5.19115208784,
        0.58763767084,
        0.58826508784,
        0.77895650384,
        0.76775950484,
        0.50683487884,
        0.79391000384,
        0.50157358784,
        5.38439721284,
        0.58960500384
      ],
      "memory_usage_byte": [
        30294016,
        30326784,
        30326784,
        30326784,
        30326784,
        30326784,
        30326784,
        30326784,
        30326784,
        30326784
      ],
      "exit_codes": [
        0,
        0,
        0,
        0,
        0,
        0,
        0,
        0,
        0,
        0
      ]
    },
    {
      "command": "mcp",
      "mean": 1.4340758833400002,
      "stddev": 0.45397334464206224,
      "median": 1.18064262884,
      "user": 0.06401382,
      "system": 0.01842108,
      "min": 1.02986946184,
      "max": 2.27838604584,
      "times": [
        1.05954850484,
        2.1389565038400002,
        1.17211179584,
        1.16329846284,
        1.1372852548399999,
        2.27838604584,
        1.53484162984,
        1.18917346184,
        1.63728771184,
        1.02986946184
      ],
      "memory_usage_byte": [
        36028416,
        36175872,
        36175872,
        36421632,
        36421632,
        36421632,
        36421632,
        36438016,
        36438016,
        36438016
      ],
      "exit_codes": [
        0,
        0,
        0,
        0,
        0,
        0,
        0,
        0,
        0,
        0
      ]
    }
  ]
}
