{
  "results": [
    {
      "command": "cli",
      "mean": 2.5306356659400002,
      "stddev": 2.1243044365726313,
      "median": 1.8806404700400001,
      "user": 0.07085802,
      "system": 0.020597479999999994,
      "min": 1.08692092804,
      "max": 8.34885788704,
      "times": [
        2.32612872004,
        3.0234726780399996,
        1.9087646370400002,
        8.34885788704,
        1.85251630304,
        1.7396506370400002,
        1.14995663704,
        1.54432001204,
        2.3257682200399996,
        1.08692092804
      ],
      "memory_usage_byte": [
        30310400,
        30343168,
        30343168,
        30343168,
        30343168,
        30343168,
        30343168,
        30375936,
        30375936,
        30375936
      ],
      "exit_codes": [
        0,
        0,
        0,
        0,
        0,
        0,
        0,
        0,
        0,
        0
      ]
    },
    {
      "command": "mcp",
      "mean": 2.3982623700400003,
      "stddev": 2.9776694175224985,
      "median": 1.2771153240400002,
      "user": 0.06155602,
      "system": 0.01823268,
      "min": 1.10765138704,
      "max": 10.76036647004,
      "times": [
        1.40439551204,
        10.76036647004,
        2.1168471360399996,
        1.10765138704,
        1.17413755304,
        1.12743105304,
        1.17858026204,
        2.55898367904,
        1.2645077610400002,
        1.2897228870400002
      ],
      "memory_usage_byte": [
        36077568,
        36438016,
        36438016,
        36438016,
        36438016,
        36438016,
        36438016,
        36438016,
        36454400,
        36454400
      ],
      "exit_codes": [
        0,
        0,
        0,
        0,
        0,
        0,
        0,
        0,
        0,
        0
      ]
    }
  ]
}
