{
  "results": [
    {
      "command": "cli",
      "mean": 0.98399323986,
      "stddev": 0.8893429478800775,
      "median": 0.6166635066600001,
      "user": 0.07262016000000002,
      "system": 0.020099199999999998,
      "min": 0.41342150666,
      "max": 3.25765329766,
      "times": [
        0.9167158816600001,
        0.41342150666,
        1.73631717266,
        0.5140943816600001,
        0.48643779866000003,
        0.44474417266,
        0.6499650896600001,
        3.25765329766,
        0.5833619236600001,
        0.8372211736600002
      ],
      "memory_usage_byte": [
        30294016,
        30294016,
        30294016,
        30408704,
        30408704,
        30408704,
        30408704,
        30408704,
        30556160,
        30556160
      ],
      "exit_codes": [
        0,
        0,
        0,
        0,
        0,
        0,
        0,
        0,
        0,
        0
      ]
    },
    {
      "command": "mcp",
      "mean": 1.28971351066,
      "stddev": 0.4064167475923759,
      "median": 1.0855467981599998,
      "user": 0.06291126,
      "system": 0.017745,
      "min": 1.0111269646599998,
      "max": 2.08944921466,
      "times": [
        1.0512842976599999,
        1.07154504766,
        1.03950696466,
        1.0111269646599998,
        1.99940538166,
        1.2195622986599999,
        1.0995485486599998,
        1.05105088166,
        1.26465550666,
        2.08944921466
      ],
      "memory_usage_byte": [
        36503552,
        36503552,
        36503552,
        36503552,
        36503552,
        36503552,
        36503552,
        36503552,
        36503552,
        36503552
      ],
      "exit_codes": [
        0,
        0,
        0,
        0,
        0,
        0,
        0,
        0,
        0,
        0
      ]
    }
  ]
}
