{
  "results": [
    {
      "command": "cli",
      "mean": 1.53704341084,
      "stddev": 0.9670202315300725,
      "median": 1.2543956358400001,
      "user": 0.07175122,
      "system": 0.020782459999999996,
      "min": 0.69188711534,
      "max": 3.58017778134,
      "times": [
        0.7226185313400001,
        2.32886353134,
        1.2250944483400001,
        0.69188711534,
        1.2836968233400001,
        2.54688040734,
        0.8180129903400001,
        3.58017778134,
        0.82859882334,
        1.34460365634
      ],
      "memory_usage_byte": [
        30179328,
        30277632,
        30277632,
        30425088,
        30425088,
        30425088,
        30425088,
        30425088,
        30425088,
        30425088
      ],
      "exit_codes": [
        0,
        0,
        0,
        0,
        0,
        0,
        0,
        0,
        0,
        0
      ]
    },
    {
      "command": "mcp",
      "mean": 1.44129770664,
      "stddev": 0.3032114416942889,
      "median": 1.45517030234,
      "user": 0.060891419999999995,
      "system": 0.017107759999999996,
      "min": 1.01536924034,
      "max": 1.9374005313400002,
      "times": [
        1.1234021143400001,
        1.84820153134,
        1.29074615734,
        1.1621592813400001,
        1.42245228134,
        1.58134157334,
        1.48788832334,
        1.54401603234,
        1.01536924034,
        1.9374005313400002
      ],
      "memory_usage_byte": [
        36438016,
        36438016,
        36438016,
        36438016,
        36438016,
        36438016,
        36438016,
        36438016,
        36438016,
        36438016
      ],
      "exit_codes": [
        0,
        0,
        0,
        0,
        0,
        0,
        0,
        0,
        0,
        0
      ]
    }
  ]
}
