{
  "results": [
    {
      "command": "cli",
      "mean": 1.22495140998,
      "stddev": 0.6229959864107539,
      "median": 1.1273661184800001,
      "user": 0.06989628,
      "system": 0.019001239999999996,
      "min": 0.5128524519800001,
      "max": 2.61254520198,
      "times": [
        2.61254520198,
        0.76885099298,
        1.3365359519800002,
        0.8146600349800001,
        1.5723354929800002,
        0.5128524519800001,
        0.71232453498,
        1.3552371179800002,
        0.91819628498,
        1.6459760349800001
      ],
      "memory_usage_byte": [
        30294016,
        30326784,
        30326784,
        30326784,
        30326784,
        30326784,
        30326784,
        30326784,
        30539776,
        30539776
      ],
      "exit_codes": [
        0,
        0,
        0,
        0,
        0,
        0,
        0,
        0,
        0,
        0
      ]
    },
    {
      "command": "mcp",
      "mean": 1.54093134328,
      "stddev": 0.7950633971077722,
      "median": 1.09520057698,
      "user": 0.05974687999999999,
      "system": 0.01729234,
      "min": 1.0003336179800002,
      "max": 3.13882415998,
      "times": [
        1.4622259929800001,
        2.7736323679800003,
        1.0003336179800002,
        1.0015256599800002,
        1.00982515998,
        3.13882415998,
        1.07810382698,
        1.81365803498,
        1.11229732698,
        1.0188872849800001
      ],
      "memory_usage_byte": [
        36405248,
        36405248,
        36405248,
        36405248,
        36405248,
        36405248,
        36405248,
        36405248,
        36405248,
        36405248
      ],
      "exit_codes": [
        0,
        0,
        0,
        0,
        0,
        0,
        0,
        0,
        0,
        0
      ]
    }
  ]
}
