{
  "results": [
    {
      "command": "cli",
      "mean": 1.11739177672,
      "stddev": 0.43255260871233336,
      "median": 1.00495854752,
      "user": 0.07054428,
      "system": 0.01899366,
      "min": 0.67598261002,
      "max": 1.92874744302,
      "times": [
        1.50790952702,
        0.7363119020200001,
        0.7446422760200001,
        1.14715648502,
        0.7814118600200001,
        1.92874744302,
        0.86276061002,
        1.21853315202,
        0.67598261002,
        1.5704619020200001
      ],
      "memory_usage_byte": [
        30670848,
        30670848,
        30670848,
        30670848,
        30670848,
        30670848,
        30670848,
        30670848,
        30670848,
        30670848
      ],
      "exit_codes": [
        0,
        0,
        0,
        0,
        0,
        0,
        0,
        0,
        0,
        0
      ]
    },
    {
      "command": "mcp",
      "mean": 7.306120668620001,
      "stddev": 14.55124199902682,
      "median": 2.54360188152,
      "user": 0.06123977999999999,
      "system": 0.019287859999999997,
      "min": 1.22025840202,
      "max": 48.522766318020004,
      "times": [
        48.522766318020004,
        2.11040631902,
        3.0884124850199997,
        3.07244965202,
        6.34284748502,
        2.13607169402,
        1.9014560690200002,
        1.22025840202,
        1.71540619302,
        2.95113206902
      ],
      "memory_usage_byte": [
        36257792,
        36257792,
        36257792,
        36257792,
        36257792,
        36405248,
        36405248,
        36405248,
        36405248,
        36405248
      ],
      "exit_codes": [
        0,
        0,
        0,
        0,
        0,
        0,
        0,
        0,
        0,
        0
      ]
    }
  ]
}
